{"16900":["MX","16900","San Francisco Tlalnepantla","Ciudad de M\u00e9xico","DIF","Xochimilco","013","Ciudad de M\u00e9xico","16","19.1974","-99.1223","4"],"16908":["MX","16908","Los Capulines","Ciudad de M\u00e9xico","DIF","Xochimilco","013","Ciudad de M\u00e9xico","16","19.1946","-99.0582","4"],"16909":["MX","16909","Club Monte Sur","Ciudad de M\u00e9xico","DIF","Xochimilco","013","Ciudad de M\u00e9xico","16","19.196","-99.0902","1"],"16910":["MX","16910","Pedregal de San Francisco","Ciudad de M\u00e9xico","DIF","Xochimilco","013","Ciudad de M\u00e9xico","16","19.196","-99.0902","1"]}